title,URL
ARCADIA FOR RACHAEL'S PROJECT,/VTS/a/arcadia/MENU1.htm
AESOP AND OTHER FABLES,/VTS/a/aesop/fables.htm
The Abacus - notation of measurement,/VTS/a/abacus/abacus.htm
Accidents,/VTS/a/accident/o.htm
"Advertising - spoof, NAPOLIO 1905",/VTS/a/adv/n.htm
Advertising - aerial banners,/VTS/l/let/sl.htm
ADVERTISING MAIN MENU,/VTS/a/aa/menu.htm
"Advertising and War 1940-1945, 1945 and beyond",/VTS/m/military/menu.htm
The Aerial View,/VTS/a/aerial/aerial.htm
Agricola and the depiction of mining,/VTS/a/agricola/agricola.htm
ALBUM OF CURIOSITIES CM snaps,/VTS/m/mulp/aaaa/menu.htm
An Alchemical Titlepage,/VTS/a/alchemy/alch.htm
Alice in Wonderland and her variants,/VTS/aoi/t/tenniel/ms.htm
Almanacs,/VTS/a/alm/alm.htm
The Alphabet (lecture by John Vernon Lord),/VTS/a/alph/alph.htm
The Alphabet Book Menu,/VTS/a/alph/menu.htm
ALTARPIECE NARRATIVES,/VTS/a/altarpiece/MENU.htm
American Small Town Life (John Falter),/VTS/aoi/f/falter/ff.htm
American Informational Graphics of the 1930's,/iso/rm/am.htm
American Narratives (postcards),/VTS/p/pcc/menu.htm
American Urban,/CS/urban/urban.htm
American Small Town Life,/VTS/a/astl/a.htm
American Narrative Art,/VTS/a/amna/amnarr.htm
"American Prints 1939, Thomas Craven",/VTS/a/craven/a.htm
AMERICAN subjects MENU,/VTS/a/am/menu.htm
American Still Life,/VTS/a/amsl/asl.htm
Anatomy (Imaging Science),/VTS/i/imsc/aa/aa.htm
"Andersen Fairy Tales, illustrators",/VTS/a/hca/MENU.htm
"Ancient Mariner Illustrated, a Menu",/VTS/a/anmar/menu.htm
Angels,/VTS/s/sym/ANGELS/a.html
"Animation, experimental",/VTS/a/anim/anim.htm
"Anthropomorphism - men, beasts and machines",/VTS/a/anth/anth.htm
Announcers (narrator sub-category),/VTS/n/n/nar.htm
Annuals for Children,/VTS/c/childann/chann.htm
"ANNUAL REGISTER, notable narratives in many galleries",/VTS/a/CATEGORIES/AAAA.htm
Anthropomorphism,/VTS/a/anth/anth.htm
"Antiquities depicted, Antiquitatum Romanum 1600",/VTS/a/ant/a.htm
Anxiety,/VTS/a/anxiety/b.htm
"Archaeology Menu (Maudslay, Catherwood, Roberts)",/VTS/a/arch/menun.htm
Arranging objects on a Page MENU,/VTS/l/lo/menu.htm
Architectural Review covers of the 1950's,/VTS/m/mcov/ar.htm
ARCHITECTURAL DRAWING Menu,/VTS/a/artman/menuz.htm
ARCHITECTURAL DESIGN MAGAZINE notable issues,/VTS/a/admags/menu.htm
Architectural Eccentric,/VTS/a/archecc/mn.htm
"Ariel Poems, first series,Faber and Faber",/VTS/a/ariel/menu.htm
Art and Anti-Art,/VTS/a/art/menu.htm
"Art Sells, Whistler, Titian",/VTS/a/art/artsell.htm
ART ENCOUNTERED,/VTS/a/artenc/artmen.htm
"Artist, How to Spot One, at home with an Easel",/VTS/a/art/a.htm
Artist and author working simultaneously,/VTS/a/artauth/artauth.htm
Artist Illustrators (American),/VTS/a/artill/artill.htm
Artists' Manuals (painting and musical) menu,/VTS/a/artman/menu.htm
"Artists' Education Menu (Press Art School, Famous Artists, Pratt)",/VTS/s/sc/sca.htm
"Artists' Equipment (brushes, pens,sketching etc)",/VTS/a/arte/a.htm
"Artists' Visual Aids (camera obscura, lucida etc)",/VTS/a/rtvisaid/artaids.htm
Art SALES celebrated,/VTS/b/cats/menu.htm
"Artzybasheff, Boris - New Menu",/VTS/aoi/a/artzy/mn.htm
Astronomy,/VTS/i/imsc/ab/a.htm
CM Atlas Scrapbook,/VTS/atl/menun.htm
Atlas Titlepages,/VTS/a/atlas/atlas.htm
"Auras, shall they be Black/White or Colour? for Clare Strand",/VTS/a/aura/cs.htm
Australian Domestic c1958,/VTS/a/aussie/r.htm
Authors' Portraits,/VTS/a/autport/authport.htm
Authors as Artists,/VTS/a/authart/authart.htm
"Author and the Book, Jacques Prevert 1952",/VTS/aoi/f/francois/ff.htm
Automata,/VTS/a/autom/auto.htm
"Author and the Book, Jacques Prevert 1952",/VTS/aoi/f/francois/ff.htm
"Cecil Bacon, illustrator",/VTS/b/bacon/bacon.htm
Balloons in the Sky,/VTS/b/balloons/balloons.htm
Bangs visualised,/VTS/b/bang/BANG.htm
Banquets,/VTS/b/banquet/banquets.htm
Battle Plans,/VTS/b/battles/a.htm
"Bawden, Edward",/VTS/aoi/b/bawden/b.htm
"BAYEUX TAPESTRY, (older screen) to full plates from Stothard",/VTS/b/bayeux/bayeux.htm
"BBC Year Books (Bawden, Batty,Kauffer, Purvis)",/VTS/b/bbc/yb.htm
Before and After,/VTS/b/before/before.htm
"Berlin, photographs of...",/VTS/b/berlin/menux.htm
"Bestiary, The",/VTS/b/bestiary/bestiary.htm
Biblical Narratives MENU,/VTS/b/bibnar/menu.htm
"Bickham, 18th century Pen Artist",/VTS/b/bickham/bickham.htm
Biggest Picture on Record (Hokusai),/VTS/h/hk/hh.htm
Biography Illustrated (Richlieu),/VTS/aoi/l/leloir/l.htm
BILLBOARDS see outdoor advertising,/VTS/o/om.htm
Bird Books,/VTS/n/nh.htm
Bird's Eye View,/VTS/b/bev/bev.htm
"Blackburn's Academy Notes, Halkett's Provincial",/VTS/b/blackburn/MENU.htm
"Blackie's, Talwin Morris and the Art Nouveau Book",/VTS/b//BG/ta.htm
"Blank page, The",/VTS/b/blank/blank.htm
BLAST,/VTS/b/blast/bl01/a.htm
Boccaccio Illustrated,/VTS/b/boccaccio/b.htm
BODY MENU,/VTS/b/body/menu.htm
Body Flex,/VTS/b/bf/x.htm
Body as Repository,/VTS/b/body/bodyrep.htm
Body Double - sequence analysis,/VTS/b/bodydouble/bd.htm
"Boeme, an illustration to the Collected Works, 1714 - 1781",/VTS/mm/06.jpg
"Boite a Joujoux, Debussy and Hell 1919",/VTS/b/boite/boite.htm
"Bomb Damage, Cecil Beaton",/VTS/a/accident/b.htm
The Bolshevist in Caricature,/VTS/b/bolsh/a.htm
"BOOK, interventions, Jacques Prevert/Andre Francois",/VTS/aoi/f/francois/ff.htm
"BOOKS - MENU OF GENERAL TOPICS - distribution, manufacture, variants",/VTS/b/BOOKS/menux.htm
"BOOKS, COVERS AND JACKETS MENU",/VTS/b/bc/bc.htm
BOOKS CELEBRATED SALES - BOOKS IN CATALOGUES,/VTS/b/cats/menu.htm
BOOKS .... VARIANTS,/VTS/b/BOOKS/booksvar/a.htm
"BOOK MATCHES, DETAILS, 26 GALLERIES",/VTS/b/bookmatches/menu.htm
"BOOTH MUSEUM, REMARKABLE COLLECTIONS, December 2012",/VTS/b/booth/menu.htm
"BOSS, images of the Business Man as Boss",/VTS/b/bmen/bm.htm
"BOYS OWN PAPER, editorial and illustrative 1913-4",/VTS/b/bop/BOP/a.html
"Boxes - PICNICS, TOOL BOXES MENU",/VTS/b/box/menux.htm
Bradshaw and the Press Art School (Artists' Education),/VTS/s/sc/sca.htm
"Brahe's Observatory, Island of Huen",/VTS/b/brahe/a.htm
Brand Character Narratives MENU,/VTS/b/brandcharacters/brandch.htm
Bread and Bakers,/VTS/a/aa/bread/b.htm
"Brighton , images of",/VTS/b/brighton/bp/a.htm
Bridges Gallery,/VTS/b/brdg/n.htm
"Bridge of Life, The",/VTS/b/bridge/bridge.htm
DICK BRIEL (MY ARCHIVE),/db02/01.htm
BRITISH NARRATIVE ART,/VTS/b/UK/menu.htm
"BRITISH ART , a menu",/VTS/b/britart/menu.htm
Broadside Typography,/VTS/b/broadside/BT.htm
Brochure Cover Design,/VTS/b/broch/menu.htm
Bubbles and Blobs (Problems of Representation),/VTS/p/pr/b.htm
Bubbles Depicted (C.V.Boys),/VTS/i/imsc/ao/a.htm
Building as Metaphor,/VTS/s/si/b.htm
"Buildings and Topography (Monuments, Towns)",/VTS/t/topo/menun.htm
Will Burtin MENU,/VTS/b/burtin/menux.htm
Burgher's Prints of Derbyshire Houses,/seq/b.htm
Business Menu,/VTS/b/bus/menu.htm
Butlin's Holiday Camps (Imagined Places),/VTS/i/impl/b.htm
Butlers (aged retainers),/VTS/b/brandcharacters/ar/servant.htm
"BUCKS' PROSPECTS OF BRITISH TOWNS, a selection of panoramas",/VTS/b/buck/a.htm
BYRNE'S EUCLID,/VTS/b/byrne/byrne2/menu.htm
Cabinet of Curiosities,/VTS/c/cabinet/cabinet.htm
Callot's images of war,/VTS/c/callot/callot.htm
Calendar,/VTS/t/time/calendars/c.htm
Calligraphy,/VTS/c/calligraphy/callig.htm
CAMDEN TOWN SCHOOL MENU,/VTS/c/camdentown/menu.htm
Camouflage,/VTS/c/cam/ca.htm
"Campaigns, Political American 1920-1960",/VTS/c/campaign/a.htm
CAR THE WORLD OF THE... menu,/VTS/a/aa/cars/menu.htm
CARICATURE OF TODAY 1928,/VTS/c/caricature/a.htm
CARTOON AND CARICATURE... menu,/CCC/index.htm
CARTOON VISUAL OPTIONS,/CCC/primer/prim.htm
CARTOON 1920'S,/CCC/wca.htm
CARTOON 1939,/CCC/nr/a.htm
Cataloguing Objects,/VTS/c/catalogues/catal.htm
Cassandre Posters for FORTUNE 1937,/VTS/f/fortune/j/gr.htm
Catchpenny Prints,/VTS/c/cpp/a.htm
Catnach Press,/VTS/c/catnach/catnach.htm
Caves and Catacombs,/VTS/c/CAVES/a.html
Cautionary Tales,/VTS/c/cautionary/caut.htm
"Celebrity EndorsementMENU (TWO GALLERIES, HOPE AND CROSBY)",/VTS/a/menun.htm
Century of Progress Exposition Chicago from 1932,/VTS/c/cp/ww.htm
Chaos,/VTS/c/chaos/chaos.htm
"Chemical Industries of America - Monsanto, Dow etc",/VTS/c/chem/mna.htm
"Claims, Sports (Sensations)",/VTS/s/sport/menux.htm
"Chaplin Films,designs for Modern Times, the Great Dictator, Monsieur Verdoux",/VTS/c/chaplin/a.htm
Characterisation Menu,/VTS/c/characte/menu.htm
"Charity Badges, Brian Love Collection",/VTS/mullen/BL.htm
Charles Atlas advertising,/VTS/c/atlas/ca.htm
Chef,/VTS/c/chef/w.htm
Cheltenham Symposium The Independent Line October 2008,/menun.htm
"Chess, Images of",/VTS/c/chess/chess.htm
"Childhood, Printed Images of....",/VTS/c/childhood/a.htm
"Children Taught, a range of images to teach",/VTS/c/childrent/chteach.htm
Children's Annuals Menu,/VTS/c/childann/menu.htm
Chinatown (film),/VTS/c/chinatown/ctown.htm
"Christmas, The American, MENU",/VTS/x/xmas/mna.htm
Chronology illustrated,/VTS/c/chron/chron.htm
CHUMS 1903 ten galleries,/VTS/c/chums/MENU.html
"Churchill, images and caricature",/CCC/wsc/c.htm
Cigarettes (Tobacco Menu),/VTS/t/tob/menu.htm
"Cigarette Cards, three albums from Ed",/VTS/t/tob/ccards/menu.htm
Cinerama (diagram),/VTS/c/31.jpg
Circular Maps,/VTS/c/31.jpgcircmap/circmap.htm
"Circus, traditional imagery",/circus/c.htm
Cities- development plans,/VTS/d/devplan/mna.htm
Cities on Magazine Covers,/VTS/c/31.jpgcitmag/cm.htm
Classicism Satirised,/VTS/c/31.jpgclassicism/classsat.htm
Classification (Taxonomic Diagrams),/VTS/c/31.jpgclassific/class.htm
"Classification unclassified, the Wharehouse",/VTS/o/od/o.htm
Classified Ads,/VTS/p/plp/pl.htm
"Cleland, Thomas decorative design and FORTUNE",/VTS/aoi/c/cleland/menu.htm
"CLICHES, visual",/VTS/c/cliche/c.htm
Clowns,/VTS/c/clowns/cl.htm
Clocks,/VTS/c/clocks/clocks.htm
Coca Cola and other Colas MENU,/VTS/c/cola/menu.htm
Cockaigne,/VTS/c/cockayne/cock.htm
"Coins, Tiny Tales, Shakespeare's England",/VTS/c/coins/A.html
COLD WAR MENU,/VTS/c/coldwar/menu.htm
COLIN PAGE BOOKSHOP CLOSES AUGUST2018,/VTS/b/BOOKS/pageclosed/menu.html
Collage MENU,/VTS/c/collage/menu.htm
Collage and Music,/VTS/c/cmus/cmus.htm
"Collinsville,photography by Walker Evans",/VTS/f/fortune/az/cv/a.htm
COLLECTIONS SOLD,/VTS/c/collect/coll/menu.htm
COLLECTING,/VTS/c/collect/coll.htm
"Colman's of Norwich Advertising Art, Jolley and Mullen",/VTS/c/colmans/a.htm
COLOUR Menu,/VTS/c/colour/menu.htm
"COLOURING BOOKS, Join the Dots",/VTS/c/colbook/menu.htm
"Commuting, narratives of anxiety",/VTS/a/aa/comm/c.htm
COMICS IN AMERICAN NEWSPAPERS2 galleries,/VTS/c/uscomix/1/aa.html
"Comics, Cartoons, Caricature Menu",/CCC/index.htm
Comic Satire,/VTS/s/satire/s.htm
Comics Anti (Wertham),/VTS/h/hcom/hcom.htm
Comics Commerce (from the Pulp Magazines),/VTS/p/plp/pe.htm
"Comic strips about celebrities (George Formby, Laurel and Hardy etc)",/VTS/c/comic/c.htm
Comic Strip Biographies,/VTS/c/comic/e.htm
Comic Strip Information MENU,/VTS/c/menun.htm
COMIC SINGLE PANELS several galleries,/VTS/c/comic/menu.htm
Comics in Line,/VTS/c/coml/c.htm
Comic School,/VTS/s/sc/sc.htm
Commentators,/VTS/c/com/c.htm
COMMERCIAL ART,/VTS/c/ca/menu.htm
COMMUNICATIONS Menu,/VTS/c/comm/menu.htm
"COMPARISONS - right/wrong. before/after etc, teaching sessions by CM",/VTS/c/comp/c.htm
Commedia del'arte figures and scenes,/VTS/c/cda/cda.htm
Computers (part of the Communications section),/VTS/c/comm/com.htm
"Conductors, Musical Performers with sticks",/VTS/c/cond/c.htm
Constantinople in Postcards,/VTS/c/const/c.htm
Constellations,/VTS/c/con/c.htm
Contact Books1947- Henrion designer,/VTS/c/contact/menu.htm
Container Corporation Menu,/VTS/c/concor/menu.htm
Context (Lecture by John Vernon Lord),/VTS/c/ct/c.htm
"Contrasts, Pugin 1841",/VTS/aoi/p/pugin/b.htm
Corporate Identity,/VTS/c/corpid/ci.htm
"Cotton Club, The (Lecture by John Vernon Lord)",/VTS/c/cocl/cc.htm
Cowboys and Indians,/VTS/c/cind/c.htm
"Crane, Walter, menu",/VTS/aoi/c/crane/menu.htm
Cries of Paris (Cris de Paris),/VTS/c/cris/a.htm
Crimes and Photography,/VTS/p/pcr/p.htm
"Crimes, Images of",/VTS/c/crimes/cr.htm
"Crockwell, Douglass menu",/VTS/c/crockwell/menu.htm
Crosby Endorses,/VTS/a/aa/crosby/bc.htm
Crowd MENU,/crowd/01.htm
Cryptography,/VTS/i/igr/ae/v.htm
"Crystal Palace Sydenham, the year before destruction",/VTS/e/exhib/cp/a.htm
"Cruikshank, George MENU",/VTS/aoi/c/crk/menu.htm
Cupid 22,/VTS/c/cupid/c.htm
"Custard (Birds, 1930's 1950's)",/VTS/c/cust/c.htm
"Cutaway, The - a Menu of Possibilities",/VTS/c/cut/menu.htm
DALTON MONCRIEFF MENU,/VTS/d/dalton/menuz.htm
"Dalziel Brothers, wood engraving 3 galleries",/VTS/d/dalzbook/1/aa.html
Death mask,/VTS/d/dm/dmk.htm
Death symbolism - the Scythe,/VTS/d/dsc/dsc.htm
Dedication - the Book,/VTS/d/ded/ded.htm
"Deluge, Eve of the",/VTS/d/deluge/del.htm
"DESIGN AND STYLE, 6 issues (Schwast and Heller for Mohawk Paper)",/VTS/d/destyle/a.htm
"DESIGN AND INDUSTRIES ASSOCIATION YEAR BOOK 1925 posters and design, British Empire",/VTS/d/dia/a.htm
Development Plans for Post War English Cities,/VTS/d/devplan/mna.htm
"Devices, printers'",/VTS/d/dev/dev.htm
"Diaghilev, sales of sets and costumes (4 galleries)",/VTS/d/DG/a.htm
"Diagrams, Magical (Pythagorus)",/VTS/d/diag/diag.htm
"Dictionaries, Menu",/VTS/d/dict/menun.htm
"Diderot and D'Alembert, L'Encyclopedie, selected plates",/VTS/e/encyc/dd.htm
"Diets, Anxiety, Food",/VTS/a/aa/diet/d.htm
Dioramas (Chicago 1937),/VTS/d/dio/d.htm
Dirty Dolls (Honor Appleton),/VTS/d/dd/dd.htm
Disasters,/VTS/d/dis/o.htm
Disguises Menu,/VTS/d/disguises/mna.htm
Disney,/VTS/d/disney/d.htm
Disneyland (Imaginary Places),/VTS/i/impl/dl/d.htm
Doctors in Advertising,/VTS/a/aa/doc/d.htm
Doctors and Cigarettes,/VTS/t/tob/doct/d.htm
"Doctors and disease,A SELECTION OF IMAGES",/VTS/d/doctors/a.htm
Documentary,/VTS/d/doc/doc.htm
"Dohanos, Stevan, main menu",/VTS/d/dohanos/menu.htm
DOLLS MENU,/VTS/d/doll/doll.htm
"Dolls, Russian",/VTS/d/doll/doll.htm
Domestic Narratives MENU,/VTS/d/dom/menub.htm
Domestic Rituals,/VTS/d/dom/menu.htm
"Don Quixote, lecture by John Vernon Lord",/VTS/d/dq/dq.htm
Doodling (diplomats and phone booths),/VTS/d/drw/dd/c.htm
Doubles,/VTS/t/twin/menu.htm
Drawing for Fashion,/VTS/d/df/fa.htm
Drawing - function,/VTS/d/drw/drw.htm
Dreams and Fantasies,/VTS/d/dream/dreams.htm
"Drinks MENU (Beer, Spirits, Narratives)",/VTS/a/aa/drink/menu.htm
Drug Store Culture,/VTS/d/ds/ds.htm
"Duchamp, Me and Etant Donnes",/VTS/d/d/a.htm
"Duchamp, Marcel (basic lecture notes)",/VTS/d/d/d.htm
"Dumaurier, George",/VTS/d/dmr/dmr.htm
"Eagle Annuals, Dan Dare, PC 49, Jeff Arnold etc SWIFT AND GIRL (new gallery)",/VTS/e/eagle/EAGLE/menu.htm
"Eating, Narratives of",/VTS/e/ea/e.htm
ECCENTRICA Photographia,/VTS/e/ecc/menu.htm
"Eckersley, Tom - MENU OF WORK WITH INTERVIEW",/VTS/e/eck/menu.htm
Editorial Design Booklist,/VTS/e/edb/edb.htm
Editing and Narrative,/VTS/e/edn/edn.htm
EGYPTIANA MENU,/VTS/e/eg/menux.htm
Electricity,/VTS/i/imsc/elect/x.htm
Elephant and Castle (Colonna),/VTS/h/hp/hp.htm
"Elevated Railways, New York",/VTS/e/el/el.htm
"Emblems and the Narrative, Menu",/VTS/e/emb/embg.htm
"Emil and the Detectives, (TRIER AND SAX)",/VTS/e/emil/a.htm
EMETT'S 30 HOARY OLD CARTOON CHESTNUTS,/VTS/aoi/e/emmett/HOTHOUSE/a.htm
Empty Shops UK,/VTS/m/mulp/empshop/e.htm
Encyclopedic impulses,/VTS/e/enc/menu.htm
Endpaper Maps,/VTS/e/epm/epm.htm
"Engineering, Two Galleries,Wonders of World 1938",/VTS/e/eng/e.htm
"Engineering before 1900, Two Galleries",/VTS/i/imsc/ar/e.htm
"Ernst, Max (Of this Men Shall Know Nothing)",/VTS/e/me/me.htm
ESQUIRE MAGAZINE MENU,/VTS/e/esq/menu.htm
EUROPEAN NARRATIVE ART,/VTS/e/europe/menu.htm
Walker Evans at FORTUNE,/VTS/f/fortune/menug.htm
EXHIBITION MENU,/VTS/e/exhib/menu.htm
Expression and Caricature Calcutta/Bombay 1920,/VTS/e/ex/x.htm
Expression and the Face - a general menu,/02/INDEX.htm
FABLE ARCHIVE,/VTS/a/aesop/fables.htm
"Facelessness, Day to Day",/VTS/f/face/ff.htm
Facelessness- the Propositions,/VTS/f/face/ffp.htm
Faces PULLED,/VTS/f/face/f.htm
Faces and Expressions,/02/INDEX.htm
Fakes and Frauds,/VTS/f/fraud/fr.htm
Falling,/VTS/f/fall/fall.htm
JOHN FALTER Menu,/VTS/f/falter/menu.htm
FAMILY NARRATIVE Menu,/VTS/a/aa/family/menu.htm
"Families, media(Archers,Lyons,Lucy and Desi)",/VTS/f/fam/fm.htm
"Famous Artists, correspondence courses",/VTS/s/sc/y.htm
FansCarrying Narratives (Chinese Art),/VTS/f/chinaHK/menu.htm
FANTASIA,/VTS/f/fa/fantasia.htm
Fantomas!,/VTS/f/fant/fant.htm
FASHION MENU,/VTS/f/fashion/menu.htm
Fashion Drawing,/VTS/d/df/fa.htm
"Festivals and Rituals, Sir Benjamin Stone",/VTS/f/fest/s.htm
"Festival of Britain, Menu",/VTS/f/fbt/menu.htm
"FICTION ILLUSTRATED,MENU OF OPTIONS",/VTS/f/groupings/fi.htm
"FIGHTING MEN, menu",/VTS/f/fight/menu.htm
Figure seen from Behind,/VTS/f/fv/fvb.htm
Figure variants,/VTS/f/fv/fv.htm
FILM MENU,/VTS/f/film/menux.htm
Finger Prints and the Hidden narrative,/VTS/f/fp/fp.htm
FIRE MENU,/VTS/f/fire/menu.htm
Fire Works,/VTS/f/fww/fww.htm
First Seen,/VTS/f/fs/menu.htm
"First National City Bank(Murch, Carter Hallock)",/VTS/f/fnb/mna.htm
Fish Books,/VTS/f/fb/fb.htm
"Fishing, the Face of(postcards)",/VTS/f/fishing/x.htm
FLAIR magazine 1950/1,/VTS/f/fl/menu.htm
"FLOORS, In Praaise of, 5 galleries",/VTS/f/floors/menu.htm
Flower Books,/VTS/f/flb/flb.htm
"FLIGHT, in posters and prints, a small selection",/VTS/f/flight/a.htm
Flying Saucers,/VTS/s/spmenu/fs/a.htm
Flying Wing,/VTS/f/fw/fw.htm
"Fonthill, William Beckford, Storer 1813",/VTS/f/fonthill/f.htm
Food Sequences,/VTS/f/fseq/f.htm
Food Menu (advertising),/VTS/a/aa/food/menu.htm
"Folding Table Serviettes,c1900",/VTS/f/fold/a.htm
Fool,/VTS/f/fool/fool.htm
"FORTUNA, an exercise in visual symbolism",/VTS/f/fortuna/a.html
FORTUNE Magazine,/VTS/f/fo.htm
FORTUNE Covers Chronology,/VTS/f/fortune/covers/covers.htm
Fortune Telling,/VTS/f/for/for.htm
Four Horsemen of the Apocalypse,/VTS/f/fh/fh.htm
Fourth Dimension,/VTS/f/fdn/fdn.htm
Four's carved rocksat Rotheneuf c1900,/VTS/p/pcc/imq/04.jpg
Four Elements,/VTS/f/fdi/fdi.htm
Fox and Crow - a lecture by John Vernon Lord,/VTS/f/fc/fc.htm
FRAGMENTS Lecture,/VTS/a/ant/a.htm
"FRAGMENTS Menu (Ruins, Chaos etc)",/VTS/r/rn/r.htm
Fruit Books,/VTS/f/fbok/fbok.htm
Fuji(One Hundred Views...),/VTS/h/hk/h.htm
"FULLER, Buckminster'Fuller's House' and (Dymaxion House)",/VTS/f/fortune/bf/b.htm
Fundamentals of the Sequential,/VTS/f/funseq/funseq.htm
FUNmagazine (Griset and Gilbert),/VTS/f/fun/menun.htm
FUTURE MENU,/VTS/f/fut/menu.htm
"FUTURE BOOKS, 1946,7 and 8 and two covers",/VTS/f/future/menu.htm
GRAMMERCY PARK a visitor's Handbooke,/gp/tp/menu.htm
John Gage remembered,/VTS/g/gage/a.htm
Games and the Narrative Menu,/VTS/g/gd/games/menux.htm
"Gardener, pictures of the",/VTS/g/gd/gn.htm
Gardens MAIN MENU,/VTS/g/gd/menu2.htm
"Gardens, Miscellaneous Images",/VTS/g/gd/menu.htm
"GENTLEMAN'S MAGAZINE, a selection of written narratives in four galleries",/VTS/g/gent1/ gents/MENU.htm
Geometry and Mathematics,/VTS/i/imsc/ah/maths/mz.htm
"Geometry,Claude Bragdon, Projective Ornament 1915",/VTS/aoi/b/bragdon/a.htm
"Mark Gertler's ""Merry-Go-Round """,/VTS/g/gertler/gertler.htm
"Gesture, Language of",/VTS/g/gest/gest.htm
"Giant Jam Sandwich, a lecture by John Vernon Lord",/VTS/g/gjs/g.htm
Giants,/VTS/g/gt/g.htm
"Giusti Menu (FORTUNE, DAVISON, ARTICLES)",/VTS/g/giusti/menu.htm
"Globes, the earth put to use",/VTS/g/globe/mna.htm
Glove - a History (Klinger),/r/k.htm
Goya Print Sequences,/VTS/g/goya/goya.htm
"God, depicting",/VTS/g/god/g.htm
Gothic (BRITISH LIBRARY),/VTS/g/gothic/a.html
Kenneth Grahame Illustrated,/VTS/g/ga/MENU.htm
Grammar Illustrated MENU (3 books),/VTS/g/grammar/menu.htm
Graphic Novel,/VTS/g/gn/menu.htm
Graphic Satire main galleries lecture,/VTS/s/satire/s.htm
GRAPHIS SELECTED ARTICLES Mullen collection,/VTS/g/graphis/menu.htm
Graphis Magazine Covers,/VTS/m/mcov/gr.htm
GREAT EXHIBITION 1851,/VTS/e/exhib/1851/menuc.htm
"Greyfriars School, Frank Richards (Holiday Annual)",/VTS/g/gf/gha/a.htm
Grid/Anti-Grid(Editorial Design),/VTS/g/grid/grid.htm
"Grimm, Illustrators of Brothers, Menu",/VTS/g/grimm/menun.htm
Group images of the Stars,/VTS/g/group/g.htm
"The Grotesque, Narrative, Architecture , Pattern, Figures",/VTS/g/grotesque/menu.htm
Guinness Advertising Brochures,/VTS/g/guin/menu.htm
"Gulliver, illustrators",/VTS/g/gul/menu.htm
Graphis Magazine Covers,/VTS/m/mcov/gr.htm
Gulliver animated,/VTS/g/gul/g.htm
"Guston, Philip and the Narrative",/VTS/g/gs/guston.htm
"Gymnastics, Physical Jerks, a small selection",/VTS/g/gym/gym.htm
Hands and Memory,/VTS/m/memh/mh.htm
"Hands, bearing meaning",/VTS/h/hand/h.htm
"Hagiography, Historical Personnage as Celebrity Endorser",/VTS/h/hag/a.htm
"Hartnoll and Eyre, COLLECTED CATALOGUES FROM 1970",/VTS/h/heyre/menu.htm
Heneniah Harari,/VTS/h/hrr/h.htm
"Heneniah Harari, work for Advertising",/VTS/aoi/h/hh/hh.htm
Hardy's Wessex,/VTS/h/hwess/hw.htm
"Richard Edes Harrison, Mapmaker",/VTS/f/fortune/reh/mn.htm
Hats for Men (Fashion and Underhill),/VTS/a/aa/fashion/h/s.htm
Hatching,/VTS/h/hg/hg.htm
Headlight Beams depicted,/VTS/a/aa/headl/hl.htm
Hebrew script,/VTS/h/heb/h.htm
Hell,/VTS/h/hell/hl.htm
"Heliopolis, a Souvenir of (postcards)",/albums/helio/heliopolis.htm
Hell's Courts,/VTS/h/hc/hc.htm
"Nigel Henderson, MENU, TEXTS AND IMAGES",/VTS/h/hend/menun.htm
"BAIGENT AND RUSSELL, A PRACTICAL MANUAL TO HERALDRY 1864, PLATES, LISTS AND GLOSSARY ,",/VTS/h/heraldry/1/a.html
Heraldry (PART OF Visual Codes),/VTS/i/igr/am/c.htm
Herbals,/VTS/h/hbl/h.htm
HEROES when I was 10,/VTS/h/hero/h.htm
Hey Diddle Diddle,/VTS/h/hdd/hd.htm
"Hiccups, a visualisation",/VTS/h/hic/h.htm
Hieroglyphic Bible,/VTS/h/hb/hb.htm
Hierarchy / Classification,/VTS/h/hbb/h.htm
"Hitchcock, Alfred - the magazine presence",/VTS/a/aa/h/h.htm
History Sells,/VTS/h/hsell/hs.htm
History Spoofed,/VTS/h/histspoof/menu.htm
Hitler in satire and caricature,/VTS/h/hit/hit.htm
Hogarth Print Sequences,/VTS/aoi/h/hogarth/hogarth/menu.htm
Hokusai,/VTS/h/hk/h.htm
"Holiday Menu (Southport, The Boarding House etc.)",/VTS/h/hols/menu.htm
"Holleyman and Treacher, Antiquarian Bookshop of Brighton",/hmn/index.htm
"Holloway, Thomas, Pioneer of Advertising",/VTS/h/holl/b.htm
"Hope, Bob and celebrity endorsement",/VTS/h/hope/h.htm
Horror Comics,/VTS/h/hcom/hcom.htm
Horticultural Titlepages,/VTS/t/tp/horticulture/p.htm
Household Hints (US in the 1930's from the Pulps),/VTS/p/plp/pd.htm
Humpty Dumpty,/VTS/m/mvt/hump/x.htm
"Hunting, see Sports, Venerie , a",/VTS/s/sport/venerie/A.html
"Humour, a general lecture",/VTS/h/hum/hor.htm
"Hypnerotomachia Poliphilii , various plates",/VTS/h/hp/hp.htm
"Hypnotism, the Narrative Implications",/VTS/h/hyp/h.htm
"Icarus, The Fall of",/VTS/i/icarus/x.htm
Iconophobia,/VTS/i/ic/ic.htm
"Illumination, the Art of",/VTS/i/ill/i.htm
Illusion of Depth,/VTS/p/psp/p.htm
Illustrated Dictionary,/VTS/i/ild/ild.htm
Illustrators' Archive Alphabetical,/VTS/aoi/index.htm
Illustrators of the 1860's Pinwell and North,/VTS/p/prb/imm/b.htm
ILLUMINATED MANUSCRIPTS,/VTS/i/IllMS/menu.htm
Images d'Epinal Menu (6 Galleries),/VTS/p/pi/menu.htm
"Images in Practice, a Research Guide",/VTS/i/iip/index.htm
Imaginary Places,/VTS/i/impl/i.htm
Imaginary Places - Cacomorphia,/VTS/i/impl/cc.htm
Imaginary Places - Butlin's,/VTS/i/impl/b.htm
Imaginary Places - Plummer's Park,/VTS/i/impl/29.jpg
"Imaging, Imagining Science",/VTS/i/imsc/ind.htm
Indian Soldiers at War,/albums/wildblood/canal01.htm
Indians and Cowboys,/VTS/c/cind/i.htm
"Industry, Machine and Landscape before 1850",/VTS/i/ind02/aa.html
"Industrial Sublime (factories, men. women, machines and making)",/VTS/m/making/menu.htm
Industry in America 1876,/VTS/a/am/usind/aa.html
Information Graphics - a detailed menu,/VTS/i/igr/menu.htm
Information Graphics - a miscellany,/VTS/i/igr/ig.htm
"Ingoldsby Legends 1866 (Cruikshank, Tenniel, Du Maurier)",/VTS/i/ing/me.htm
Insect Books,/VTS/i/inbook/ib.htm
Insel Verlag Picture Books,/VTS/b/insel/iv.htm
Interviewing,/VTS/i/intv/i.htm
Invented/Imaginary Places,/VTS/i/impl/i.htm
Invisibility (Problems of Representation),/VTS/p/pr/f.htm
ISOTYPE INSTITUTE,/iso/index.htm
"The Island, A Quarterly 1931 (Woodcuts in Britain)",/VTS/i/island/a.htm
Japanese Menu,/VTS/j/menun.htm
James Joyce material,/VTS/j/joyce/a.htm
JEUDI DE LA JEUNESSE magazine illustration,/JJ/01.htm
Jig Saw Puzzles Making and Fragmenting the Image,/VTS/j/00.jpg
"JOB, illustrator Les Gourmandises de Charlotte",/VTS/aoi/j/job/j.htm
John Bull,/CCC/jb01.htm
Joke,/VTS/j/jk/jk.htm
Journey as Narrative,/VTS/j/jn/jn.htm
JUDGE magazine covers,/VTS/j/jg/j.htm
Judging,/VTS/j/jd/j.htm
"Juxtapositions, photography in Lilliput, designed by Stefan Lorantx",/VTS/j/juxt/j.htm
Frank Jackson's Stories,/fj/06.htm
"Jubilee Library, Brighton, my choice of the rich and rare",/jl/menu.htm
Kaballah (Hebraic script),/VTS/h/heb/h.htm
Kaniyajee (figure variants),/VTS/f/fv/fv.htm
"E.McKnight Kauffer,",/VTS/k/kf/k.htm
Danny Kaye in Pictures,/VTS/a/aa/dk/DK.htm
Kilts and the Scottish Stereotype,/VTS/k/kilts/b.htm
Kinder Gartenlaube,/VTS/k/kl/k.htm
"Athanasius Kircher,",/ak/LAK.html
KEN A RADICAL AMERICAN MAGAZINE OF THE 1930'S,/VTS/k/ken/menu.htm
Kiss,/VTS/k/kis/ki.htm
Kitchen Narratives,/VTS/a/aa/kitchen/menu.htm
Kitsch,/VTS/k/kts/k.htm
"Klinger, Max, A Glove 1881, a sequence of etchings",/r/k.htm
Knights of the Round Table,/VTS/k/krt/k.htm
"Knitting Patterns, the Goett Collection (7 volumes)",/VTS/f/fashion/patterns/menu.htm
"Rudolph Koch,",/VTS/k/koch/A.htm
"Stanley Kubrick,- early photographic work",/VTS/k/kub/c.htm
Ladder as Metaphor,/VTS/s/si/l.htm
"THE LAND, MAIN MENU",/VTS/l/land/menu.htm
Landscape as Metaphor,/VTS/l/lmet/lm.htm
"LANDSCAPE PAINTING, Topography and Charm",/VTS/t/topo/menun.htm
Language of Visual Codes,/VTS/i/igr/menu.htm
"Lange, Dorothea",/VTS/l/l/l.htm
Laocoon,/VTS/l/lcn/l.htm
"Lavater's Physiognomy, contents, Frog to Apollo Belvedere",/VTS/l/lavater/s.htm
Laurel and Hardy,/VTS/l/lh/lh.htm
Ladybird Books MENU,/VTS/l/lab/menu.htm
Lambeth Research Images,/VTS/l/lmb/menu.htm
Languages taught with Pictures,/VTS/l/lang/menu.htm
Law and Order Scrapbooks,/law/lawmenu.htm
Laying Out,/VTS/l/lo/lo.htm
"LEAR, Liga de Escritores y Artistas Revolucionarios,",/VTS/l/lear/menu.htm
LEDOUX AND THE VISIONARY,/VTS/v/vis/l.htm
"Letterforms, a Menu of Possibilities",/VTS/l/let/menux.htm
WYNDHAM LEWIS MENU,/VTS/l/lewis/menux.htm
Lies and Trickery,/VTS/l/lies/lt.htm
LIFE MAGAZINE MAIN MENU,/VTS/l/life/menu.htm
"Life Savers, a celebrated campaign",/VTS/l/ls/menu.htm
"THE ART OF LIGHT, a multi-media project",/aol/a.htm
Light in Everyday Life,/VTS/l/light/a.htm
Lilliput Magazine MAIN MENU,/VTS/m/mag/lill/menun.htm
Line Drawing for Humour,/VTS/c/coml/c.htm
Literary Maps,/VTS/m/map/lit.htm
LITERATURE IN IMAGES,/VTS/l/literature/menu.htm
Literature Sells,/VTS/l/lit/a.htm
"Lithographic Book, a Menu",/VTS/l/litho/menu.htm
"Liturgical Books, Stanley Morison 1912",/VTS/b/BOOKS/liturg/b.htm
"LIVRE DE DEMAIN, 20 TITLES",/VTS/b/BOOKS/demain/02/menu.htm
Lloyd George in caricature,/CCC/im05/lg.htm
London Menu,/VTS/l/london/menu.htm
"Look, The",/VTS/l/look/w.htm
"Lord, John Vernon, a selection of lectures",/VTS/l/lord/lmenu.htm
Lorant and Lilliput,/VTS/j/juxt/j.htm
"Lustig, Alvin",/VTS/aoi/l/lustig/n.htm
"Barry Lyndon, FILM",/VTS/l/lb/b.htm
MACAO ET COSMAGE,/VTS/aoi/l/legrand/mc.htm
Machines,/VTS/i/imsc/ar/e.htm
Magazine Menu,/VTS/m/mag/menux.htm
Magazine Covers,/VTS/m/mcov/mc.htm
Magic Flute,/VTS/m/mf/m.htm
Magic Squares,/VTS/i/imsc/ah/d.htm
Magic Menu,/VTS/m/magic/menu.htm
"Magicians, Performers, Frauds",/VTS/f/fraud/fr.htm
Main Street Menu,/VTS/a/astl/menun.htm
Make-up for Stage and Screen 1938,/VTS/m/mk/l.htm
"AIKIN""'S MANCHESTER",/VTS/t/topo/manch1/MENU.htm
Manga (Japanese illustrated Books),/VTS/m/mng/mv.htm
"Mannequins (National Railway Museum, York)",/VTS/m/man/m.htm
Maps Menu,/VTS/m/map/menu.htm
"March of Time, News Reel",/VTS/n/nr/mt.htm
"Mariana, Millais/Tennyson",/VTS/m/mr/m.htm
"MARVELL, THE 1681 MISCELLANEOUS POEMS",/VTS/m/marvell/menu.htm
Masked Face,/VTS/m/mask/menux.htm
Mass Observation,/VTS/m/mo/m.htm
Match manufacturing at Speke,/BM/speke.htm
Match Packaging and Manufacture,/VTS/p/pk/match/menun.htm
"Mathematics, Images of",/VTS/i/imsc/ah/m.htm
MAYAN RESEARCH LIST (Ballcourt),/VTS/verse/ballcourt/MENU.htm
"Earl Mayan, menu",/VTS/m/mayan/menu.htm
Mazes and Labyrinths,/VTS/m/mz/m.htm
Measurement,/VTS/m/ms/ms.htm
Melancholia,/VTS/m/mln/m.htm
Melosthesic Man,/VTS/m/mst/m.htm
Memory Lecture for Oslo,/memory/index.htm
Memory Menu,/memory/menux.htm
Men and Advertising,/VTS/w/women/menu.htm
"THE ILLUSTRATORS OF MENTOR, January to November 1930",/VTS/m/mentor/a.htm
Merry Go Round,/VTS/g/gertler/gertler.htm
Metamorphosis,/VTS/m/met/m.htm
Methods and Systems,/VTS/m/mtd/d.htm
"Meynell, Lecture, The Seeing Eye 1948",/VTS/m/meynell/a.html
"Microscope, Hooke and Mrs Ward",/VTS/m/mic/mc.htm
Military Options 1940-1945 (advertising),/VTS/m/military/menu.htm
Military Options 1945 - ? (advertising),/VTS/m/militt/menu.htm
Military Imagery before 1900,/VTS/m/military/antiq/menu.htm
"Milton and the Visual - Paradise Lost, printing, portraits)",/VTS/p/pl/menu.htm
Miniaturisation menu (Making Small Worlds),/VTS/m/mn/mn.htm
Mirror reflections (Problems of Representation),/VTS/p/pr/p.htm
"Misericords, Revealed Narratives (St.Laurence, Ludlow)",/VTS/m/mcd/a.htm
Moby Dick,/VTS/m/md/im/m.htm
"MODERN PUBLICITY 1941, ADVERTISING AND PROPAGANDA AT WAR UK",/VTS/mp/a.htm
MODERN PUBLICITY 1951,/VTS/a/aa/mp51/a.htm
"MODERN WONDERS, a selection of images 1938-40",/VTS/m/mw/mnu.htm
"MOHOLY-NAGY, PAINTING WITH LIGHT 1939",/VTS/aoi/m/moholy/menun.htm
Monsters,/VTS/m/mns/x.htm
"Montage Pioneers,Lucas and Morrow 1911, What a Life!",/VTS/m/montage/evl.htm
"Moncrieff, Dalton, and the Great Star Temple",/VTS/d/dalton/menuz.htm
"Money , Images of (Money Boxes)",/VTS/m/mb/F.htm
Months Renamed,/VTS/m/mnr/m.htm
"Monuments, the Narrative Dimension",/VTS/m/mon/menu.htm
Moonlight,/VTS/m/ml/menu.htm
Moral Landscape,/VTS/l/lmet/lm.htm
"MORRIS, Talwin new Menu",/VTS/m/tm/menuc.htm
"Morris, Talwin, designer of books",/BG/ta.htm
"Morris, Talwin, Battles of the Nineteenth Century",/BG/tmm/t1.htm
Movement Archive,/VTS/m/mvt/menu.htm
Moving Books,/VTS/b/BOOKS/booksvar/a.htm
Moving Letters,/VTS/m/mll/n.htm
"Muffin the Mule, puppet",/VTS/c/characte/mm/muf.htm
Mugshots,/02/m05.htm
"Mullen, Chris CV, texts of written things etc",/VTS/mullen/m.htm
"Mullen, ALBUM OF SNAPS",/VTS/m/mulp/menun.htm
Multiplicity,/VTS/m/mlt/m.htm
"Murals, Narrative Menu",/VTS/m/murals/menum.htm
Museum Texts,/VTS/m/mtx/x.htm
Museo Mexicana 1843/4 (Ricker Collection),/VTS/m/Musam/menu.htm
"MUSIC MENU, visual aspects",/VTS/m/mu/menun.htm
Mutt and Jeff (Bud Fisher strip cartoon),/VTS/aoi/f/fi/f.htm
Musicals,/VTS/m/mcl/x.htm
Mythologia,/VTS/m/myth/c.htm
"Narrative Sculpture, Stories in relief",/VTS/n/nsculpt/E.htm
"Narrator, the",/VTS/n/n/nar.htm
"Narrative Unlikely, the Shell Grotto at Margate",/VTS/s/sg/a.htm
Narrative Alphabets,/VTS/n/na/na.htm
Narrative Illustration,/VTS/n/ni/n.htm
"Narrative Music, John Vernon Lord LECTURE",/VTS/n/nm/me.htm
NARRATIVE IN THE CRAFTS,/VTS/p/pattern/craftsnarrat/a.html
"NASH MAGAZINE, an index of Illustrators",/VTS/n/nash/nash.htm
Natural History Books Menu,/VTS/n/nh.htm
"Navigation, the printed surface",/VTS/n/nvg/mc.htm
"NAUTICALIA, Ships and Shipping",/VTS/n/naut/menu.htm
Neon Sign Technology,/VTS/n/neon/n.htm
Nevinson at War (The Gazette),/VTS/aoi/n/nevinson/n.htm
"New Leader, THREE ANNUAL BOOKS 1923, 1924 and 1926 with print",/VTS/m/mag/NL/26/MENU.html
News Reels (March of Time and Pathe),/VTS/n/nr/mt.htm
New York MENU,/VTS/n/ny/menuz.htm
"New Yorker, The MENU",/VTS/n/ny/menu.htm
Night MENU,/VTS/n/night/menuz.htm
"Nightmare Song from Iolanthe, Mullen animation",/VTS/n/gs/a.htm
Noah's Ark,/VTS/n/nk/na.htm
Nobody depicted,/VTS/n/no/n.htm
"Noel in India, and the Metrovic trials",/VTS/n/noel/aa.html
"NON WESTERN PATTERN AND NARRATIVE , SEVEN SMALL GALLERIES",/VTS/n/is/menu.htm
"North by Northwest, CM Lecture",/VTS/n/nnw/nnw.htm
NORWICH/NORFOLK MENU,/VTS/n/norwich/MENU.htm
"Norfolk Album 1900-1914, Mullen Collection",/VTS/p/pa/menux.htm
"NUGGETS, SERIO COMIC PUBLICATION 1895-1905",/CCC/ng/menun.htm
"Numbers of Images, Stories told with...",/VTS/n/nu/menu.htm
Numerology,/VTS/n/num/menu.htm
Nurses in Advertisements,/VTS/a/aa/nurse/n.htm
"Observatory, The",/VTS/o/ob/m.htm
"Offensive, The",/VTS/o/of/n.htm
OFFICES (Business Life),/VTS/b/bus/menu.htm
OKLAHOMA!,/VTS/o/ok/n.htm
THE OMEGA WORKSHOP catalogue,/VTS/o/om/o.htm
"Opinion Polling,British Institute of Public Opinion, INTERVIEWERS",/VTS/o/op/op.htm
Optics,/VTS/i/imsc/ak/im/o.htm
The Orator and Oratory,/VTS/o/or/a.htm
Orchestral Sound depicted,/VTS/o/os/m.htm
"Order/Disorder, the Wharehouse, National Railway Museum",/VTS/o/od/o.htm
OSLO DIARY,/grafil/index.htm
Outdoor Advertising MENU,/VTS/b/bb/menu.htm
Packaging Menu,/VTS/p/pk.htm
"Pageant, The English",/VTS/p/pageant/c.htm
Page Design (examples for discussion),/VTS/p/pd/d.htm
"Page, Blank",/VTS/p/pb/b.htm
Pain Represented,/VTS/p/pr/f/ff.htm
Painting by Numbers,/VTS/p/pn/p.htm
PALL MALL magazine illustrators 1928,/VTS/p/pm28/menu.htm
PALLADIO Four Books of Architecture a selection,/VTS/p/palladio/a.html
Pan-American Exposition,/VTS/p/panam/pa.htm
"Pan-American Exposition, Buffalo 1901, leisure and propaganda scupture",/VTS/p/panam/paa.htm
"Pantheon de la Guerre, a pamphlet 1919 Paris",/VTS/p/pan/p.htm
PAPER MENU and Paper Folding Sequences,/VTS/p/paper/menun.htm
Parades and Processions,/VTS/p/par/p.htm
Paradise Garden,/VTS/p/pg/g.htm
Paradise Lost Milton Menu (PRINTING UP CLOSE),/VTS/p/pl/a.htm
"Paris as drawn , a menu",/VTS/p/parisart/menu.htm
Paris Exposition 1937,/VTS/p/pcc/fairr.htm
"Passing Show,Magazine Covers",/VTS/m/mcov/ps.htm
"Passing Show,Editorial Drawings",/VTS/p/pshow/menu.htm
"Pastels, The Cult of the, ARTISTS' MANUAL",/VTS/p/pas/p.htm
"PATTERN PRIMER, A MENU",/VTS/p/pattern/menux.htm
"PEASANT ART IN EUROPE, Bossert, three galleries 1926",/VTS/p/peasantart/menu.html
PENROSE ANNUALS database,/VTS/p/penrose/menu.htm
Perpetual Motion (Death intervenes),/VTS/p/pm/p.htm
Perspective Menu,/VTS/p/psp/p.htm
"Le Petit Journal 1891-1903, over a hundred large page illustrations",/VTS/p/pj/mna.htm
"Petruccelli, Antonio",/VTS/p/p.htm
PHOTOGRAPHY OPTION MENU,/VTS/p/photo/menu.htm
Photo Essays,/VTS/p/pe/a.htm
"Photo Stories, Crime and Glamour",/VTS/p/phst/p.htm
Photo Scrutiny 01,/VTS/p/psc/a.htm
Photo Scrutiny 02,/VTS/p/psc/b.htm
Photography and Crime,/VTS/p/pcr/p.htm
Photo detective,/VTS/p/phst/p.htm
Photo eccentrica,/VTS/e/ecc/menu.htm
Photo distortion (snaps),/CCC/imr/58.jpg
Photo Albums (Mullen Collection),/VTS/p/pa/menu.htm
"Physiognomy, Lavater and the Face",/VTS/l/lavater/s.htm
Phrenology,/VTS/p/ph/p.htm
Pictures versus Words,/VTS/p/pw/a%20.htm
PICTURE POST MENU,/VTS/m/mag/pp/menu.htm
THE PICTURE MAGAZINE main menu,/VTS/p/pictm/menu.htm
Picture Writing,/VTS/p/pww/pw.htm
"Pied Piper, variants",/VTS/aoi/g/greenaway/pp.htm
Pilgrimages,/VTS/j/jn/jn.htm
Pinocchio Illustrated,/VTS/p/pin/mna.htm
Pin-ups US magazines,/VTS/s/sex/puv.htm
Pin-Ups (Esquire),/VTS/s/sex/pu.htm
Pin-ups UK magazines,/VTS/s/sex/puU.htm
Pip Squeak and Wilfrid,/VTS/aoi/p/psw/psw.htm
"Piranesi, MENU",/VTS/p/pir/E.htm
"PIZZA, LINEAR (George Hardie)",/VTS/p/pz/d.htm
Plastics Menu,/VTS/p/plast/menu.htm
Pochoir (Stencil) Illustration Menu,/VTS/p/poch/menu.htm
Point it Out 1944 (communication by pictures),/VTS/i/igr/pio/x.htm
Point of View POV,/VTS/p/pov/pv.htm
Poppy Day (Brian Love's collection),/RC/menu.htm
Pomona Britannica (fruit on the page ),/VTS/f/fbok/pb.htm
Popular Scientific Recreations 1896 - four Galleries,/VTS/p/ps/Popsc/menu.html
Popular Prints (Images d'Epinal),/VTS/p/pi/menu.htm
"Postage Stamps, Tiny Tales (why Rhyl?)",/VTS/s/stamps/a.htm
Poses in Narrative MENU,/VTS/p/posnar/menux.htm
Post Card MENU general,/VTS/p/pcm.htm
Post Card MENU AMERICAN NARRATIVES,/VTS/p/pcc/menu.htm
POSTERS in Belgium 1897,/VTS/p/postersB/a.htm
"POSTERS, a Menu of General Possibilities",/VTS/p/posters/menuc.htm
POSTER ARTISTS by alphabetically listing,/VTS/p/posters/menua.htm
Pre-Raphaelitism and After… MENU,/VTS/p/prb/menu.htm
"Preaching , sermonising, ecclesiastical narratives",/VTS/n/n/nar.htm
"Presepi, see Sculpture and the Narrative",/VTS/s/sculpture/presepi/a.htm
Printers' Devices,/VTS/d/dev/menuc.htm
Printing Close Up,/VTS/p/px/menu.htm
Print Making Processes,/VTS/p/ppc/s.htm
"Printers, Pictures of",/VTS/p/pp/p.htm
Printing Sensations 1780 - 1880,/VTS/p/prel/menun.htm
"PRINTS - engravings, etchings and others by the artists",/VTS/p/PMK/pmk.htm
Prints Up Close,/VTS/p/pcu/p.htm
PRISONS AND PRISONERS,/VTS/p/prison/menu .htm
Problems of Representation,/VTS/p/pr/menu.htm
Processions,/VTS/p/proc/menu.htm
Propaganda Menu,/VTS/p/prp/menu.htm
Puffin Picture Books,/VTS/p/puf/x.htm
"PUBLIMONDIAL, 1948 3 issues",/VTS/p/publim/menu.htm
"PULP MENU (covers, details, hints, speed, machines etc)",/VTS/p/plp/menu.htm
"PUNCH MAGAZINE, ILLUSTRATORS AND ALMANACKS",/VTS/p/punchmenu/menun.htm
"Punch and Judy, a script with pictures",/VTS/p/punch/pj.htm
Puns,/VTS/p/pu/p.htm
Puzzles games and the Bunco,/pz/index.htm
"Quarles Emblems, 1866 and 1886",/VTS/e/emb/qe/qmenu.htm
"Queneau, Raymond",/VTS/q/qq/x.htm
"Queux William Le , Prophecies of war and six book jackets",/VTS/q/qx/q.htm
QUEX MUSEUM PHOTOGRAPHS MARCH 2010,/VTS/m/mulp/q/menu.htm
Quiz,/VTS/q/qz/qz.htm
Quotes,/VTS/q/q/x.htm
Racial Stereotypes Menu,/VTS/r/race/bag.htm
"Rail, see Travel Menu",/VTS/a/aa/travel.htm
"Ransome, Arthur, Maps in Books",/VTS/m/map/ran/r.htm
Reader Private Library,/VTS/b/BOOKS/menux.htm
"Reader, Pictures of the Reader Reading (Grafil)",/grafil/menu.htm
Rebus,/VTS/r/rb/rb.htm
Reconstruction,/VTS/r/recon/menu.htm
Recording (Mass Observation),/VTS/r/rc/x.htm
Recruitment to the Military,/VTS/m/militt/rec/x.htm
Renaissance Engineering Machines,/VTS/i/imsc/ar/e.htm
Retail Design Menu,/VTS/s/shp/menu.htm
"Reversals, Birds turned Fowlers",/VTS/r/rv/r.htm
"Revolution, Images of - Menu",/VTS/r/revolution/menu.htm
Robert Riggs,/VTS/aoi/r/riggs/mna.htm
"Ripley's Believe it or Not, two galleries, full page",/VTS/r/r/ripley/a.htm
Rite of Spring,/VTS/r/rs/s.htm
"Robinson Crusoe, Variants",/VTS/c/crusoe/menu.htm
Robots,/VTS/r/robot/r.htm
Rockets and Space Travel,/VTS/s/spmenu/rocket/a.htm
Rockets and the Military,/VTS/m/militt/roc/x.htm
Rockwell and the Product,/VTS/r/rp/r.htm
Rojankowsky Menu,/VTS/aoi/r/roja/menun.htm
"Rome, Edifices of",/VTS/aoi/l/letr/l.htm
"Room, Varieties of... Menu",/VTS/r/room/menux.htm
"Rowlandson, Thomas MENU",/VTS/aoi/r/row/m.htm
"Rosie the Riveter, Women at War",/VTS/w/women/rosie/a.htm
"FDR, photographs from Wharton",/VTS/mullen/JFK/fdr.htm
"FDR, American political campaigning",/VTS/c/campaign/a.htm
"FDR, cartoons and caricatures",/VTS/mullen/JFK/cartcar/a.htm
"Raymond Roussel, commissioned illustrations for Nouvelles Impressions d'Afrique 1932, Henri Zo",/VTS/aoi/z/zo/a.htm
"Ruan Lanyhorne Castle, Annual Register 1803",/VTS/r/cornwall/a.htm
Ruins (Fragments),/VTS/r/rn/r.htm
"Rural England, Menu",/VTS/r/rural/menu.htm
RUSSIAN ILLUSTRATED BOOKS A biographical menu,/VTS/p/puf/menu.htm
Salesman as Narrator,/VTS/s/sales/sm.htm
Sample Books,/VTS/t/tcat/tc.htm
Sandwich Men,/VTS/s/san/m.htm
"Sandys, Frederick",/VTS/aoi/s/fs/fs.htm
Santa Claus,/VTS/s/sdy/s.htm
"Satire, Graphic",/VTS/s/satire/s.htm
Satisfied Smoker,/VTS/t/tob/e.htm
Saturday Evening Post Menu (cover artists and advertisements),/VTS/s/sep/menun.htm
Schematic Representation,/VTS/s/srep/s.htm
School for Comic Artists,/VTS/s/sc/sc.htm
Schweppshire and Invented Lands,/VTS/m/map/sc.htm
"Science, Imaging Menu",/VTS/i/imsc/ind.htm
Scientists and Science - the Great Clichs,/VTS/s/scm/sms.htm
Scientists and Science- the Mad Perspective,/VTS/s/scm/sm.htm
Science Images for Children,/VTS/s/scm/psc.htm
Science Amusante(Tom Tit),/tomtit/ttmenu.htm
Science Popular Recreations (1896),/VTS/p/ps/ps.htm
"Scientific American, covers, features, adverts",/VTS/s/sa/E.htm
Scientific Propositions in a Landscape,/VTS/i/imsc/az/s.htm
Scouts Drill,/VTS/i/igr/ar/h.htm
"Scouts, Corporate Identity",/VTS/s/sct/s.htm
Scrap Books Menu,/VTS/s/sboo/menun.htm
"Scraperboard,manual by Cecil Bacon",/VTS/s/sbd/sb.htm
"SCRIPTS (Assyrian, Cyrillic, Armenian etc)",/VTS/s/scr/sc.htm
"Scrolls UK, China, Jewish",/VTS/s/scrolls/menu.htm
Sculpture and the Narrative,/VTS/s/sculpture/menu.htm
Secretaries and Typists,/VTS/s/sec/s.htm
Sentiment(mainly Cheap),/VTS/s/sen/ny.htm
Seven Ages of Man,/VTS/t/time/lifespan/ls.htm
Sevens,/VTS/n/num/07/a.htm
Sex Menu,/VTS/s/sex/menu.htm
Shadows cast,/VTS/s/shad/s.htm
Sheet Music,/VTS/s/ss/ss.htm
Shell Oil Advertisements,/VTS/a/aa/cars/aaa/shell/b.htm
Shell Books,/VTS/s/shl/s.htm
Shell Nature Guides,/VTS/s/shell/s.htm
Shelter from Bombing,/VTS/z/zep/menun.htm
"Shining, The",/VTS/s/sh/me.htm
Shop Windows,/VTS/s/spw/w.htm
Shopping Narratives Menu,/VTS/s/shp/menu.htm
Signage seen around Britain (CM),/VTS/m/mulp/signs/a.htm
"Silence,Federico Castellan",/VTS/s/sil/s.htm
"Silhouettes, a selection",/VTS/s/silh/sil/a.htm
Simple Tasks Menu,/VTS/i/igr/menux.htm
SINGLE IMAGE NARRATIVES,/VTS/s/sim.htm
SINGLE COMIC FRAMES,/VTS/c/comic/menu.htm
Skeletons,/VTS/s/skel/x.htm
Skeletons and Death,/VTS/t/time/deathscythe/sc.htm
"Skiing (Boucher, Allais)",/VTS/aoi/b/boucher/bb.htm
Skull,/VTS/t/time/skullskin/s.htm
Small Town America,/VTS/a/astl/a.htm
Smell,/VTS/p/pr/g/s.htm
"Song Sheets, four galleries (SEE ALSO MUSIC menu)",/VTS/m/mu/ss/F.htm
Sound narratives,/VTS/p/pr/h/s.htm
Soviet Children's Books of the 1930's,/VTS/p/puf/menu.htm
Space and the Universe Menu,/VTS/s/spmenu/menu.htm
Special days,/VTS/s/sdy/menu.htm
Speech bubbles,/VTS/s/sb/sb.htm
Speed's maps,/VTS/m/map/speed/a.htm
"Spenser, Edmund,Image and Text (Shepherd's Calendar etc)",/VTS/s/spenser/menu.htm
Spirit Photography,/VTS/p/photo/sp.htm
Sport Sensations Menu,/VTS/s/sport/menux.htm
STAINED GLASS,/VTS/s/sglass/sglass.htm
"Stains, A Book of.. Photo-Color c1958",/SP/021.htm
"Steiner, Ralph (Ernest Breech of FORD etc)",/VTS/f/fortune/menuh.htm
Space and the Universe Menu,/VTS/s/spmenu/menu.htm
Stereoscopic Photographic Cards - Tableaux,/VTS/p/photo/sc.htm
"Sterne, Laurence MENU",/VTS/t/ts/menu.htm
"Stevens, Wallace, and mere things",/VTS/s/ws/menun.htm
Stonehenge(Monumental Narratives),/VTS/s/st/st.htm
"Stone's Book of Pictures, English Festivals",/VTS/f/fest/s.htm
Storyboards,/VTS/s/sc/sb.htm
Strength,/VTS/p/pr/q.htm
Strewwelpeter,/VTS/s/str/s.htm
"Strip Cartoons in Advertising(Charles Atlas, Horlicks etc)",/VTS/p/plp/pe.htm
Strip Cartoons and Literature,/VTS/s/classics/a.htm
"Stripes, dynamic options",/VTS/s/stripes/x.htm
Sun,/VTS/s/spmenu/sun/a.htm
SURREALISM MENU,/VTS/s/SURRMENU/menu.htm
Surrealismin the cause of Selling,/VTS/s/surr/menun.htm
Survey Graphic Covers,/VTS/m/mcov/sg.htm
Surveying,/VTS/i/imsc/an/s.htm
Suspense(the Time before),/VTS/t/time/before/b.htm
SWEETS AND CONFECTIONERYMENU,/VTS/a/aa/menus.htm
"SYMBOLISM, Exercises in (singles)",/VTS/s/sym/menux.htm
Systems,/VTS/m/mtd/d.htm
for Sonja,/si/MENU.html
"Tableaux Menu (Shops, Museum, Stuffed Animals etc)",/VTS/t/ta/tmenu.htm
"Tarzan, Pulp covers",/VTS/b/bc/tz.htm
"Teachers, Images of (bottom of screen)",/VTS/t/t/menu.htm
"Telephones, a Menu",/VTS/t/menu.htm
Television Menu,/VTS/c/comm/menu.htm
Temple of Flora,/VTS/t/tf/t.htm
Terracotta Warriors,/VTS/t/tw/d.htm
TGP Taller de Grafica Popular,/VTS/t/ttf/tgp/menu.htm
Theosophy (Colour),/VTS/c/colour/menun.htm
THEATRE AND THE VISUAL NARRATIVE MENU,/VTS/t/theatre/MENU.htm
"Tile Museum, Ironbridge, exhibition, display",/VTS/t/tile/c.htm
TilesDecorative Abstract Tiles,/VTS/t/tile/tiles/a.htm
Till Eugenspiegel1515 (anon),/VTS/aoi/a/anon/till/a.htm
W.M.THACKERAYartist author,/VTS/aoi/t/thackeray/VF/menu.htm
This Little Pig,/VTS/t/tpg/t.htm
"Thornton, Robert, The Temple of Flora",/VTS/aoi/t/thornton/a.htm
Thoughtforms,/VTS/c/cbk/tf/tf.htm
TIME Menu,/VTS/t/time/menu.htm
"Time, Father",/VTS/t/time/fathertime/ft.htm
Three Dimensional Cinema,/VTS/t/d/a.htm
Three Dimensional Photography,/VTS/t/d/b.htm
TITLE PAGES menu,/VTS/t/tp/menu.htm
Tobacco and Smoking,/VTS/t/tob/menu.htm
"Toilet Paper, celebrating Softness",/VTS/t/paper/a.htm
Tombs Represented,/VTS/t/time/monsdeath/m.htm
Tongue Twisters,/VTS/t/tt/pp.htm
"Topiary. a selection (Much Wenlock, Nymans, Powis Castle)",/VTS/t/topiary/menu.htm
Topography and Enchantment Menu,/VTS/t/topo/menun.htm
Torture,/VTS/t/to/t.htm
Tourism Menu,/VTS/a/aa/tourism/menu.htm
"Toys, see GAMES menu",/VTS/g/gd/games/menux.htm
Trade Catalogues Menu,/VTS/t/tcat/menux.htm
Trade Trophies (Outdoor Advertising),/VTS/t/token/q.htm
Tradesmen's Cards Menu,/VTS/t/tc/menuc.htm
Trades depicted,/VTS/t/trade/t.htm
"Travel depicted Doyle's Brown, Jones and Robinson",/VTS/aoi/d/doyle/dd.htm
"Transitory, The (see Problems of Representation)",/VTS/p/pr/menu.htm
"Travel Narratives,Rail, Road, Ocean Eccentrica Menu",/VTS/a/aa/travel.htm
Treasure Island MENU,/VTS/t/tisland/menu.htm
"Treasure, Comic 1963",/VTS/t/treasure/menuz.htm
Tree as metaphor,/VTS/s/si/ft.htm
"Tree as metaphor, advertising",/VTS/s/si/tree/a.htm
"Trees, Portraits of",/VTS/t/trees/n.htm
Tristram Shandy Menu,/VTS/t/ts/menu.htm
Triumphs (Petrarch),/VTS/t/tr/tr.htm
Tupper's Proverbial Philosophy Illustrated 1867,/VTS/t/tupper/menu.htm
Twelve ages of Man,/VTS/t/am/a.htm
"Twins, Doubles and Doppelgangers Menu",/VTS/t/twin/menu.htm
"&nbsp; Typography, Introduction to...",/VTS/t/ti/t.htm
"Typography, see Letterforms",/VTS/l/let/menu.htm
"TYPOGRAPHY NOTES FROM WACE and Co., (Geoffrey Dowding)",/VTS/t/typognotes/a.htm
"Unbelievable, Five Images in my Mind",/VTS/u/ub/x.htm
Uncle Sam,/VTS/u/us/x.htm
Under the ground,/VTS/u/ug/menu.htm
Underground Travel (the Tube),/VTS/u/ug/im/f.htm
Underwater,/VTS/p/pr/l/uw.htm
US animation,/VTS/u/usa/n.htm
US URBAN IMAGERY,/CS/urban/urban.htm
US narrative art,/VTS/u/usn/n.htm
Ventriloquism,/VTS/u/vnt/f.htm
Ver Sacrum and the Book Arts,/VTS/v/versacrum/a.htm
Vignettes (Claude Lovat Fraser),/VTS/aoi/f/clf/f.htm
V Sign,/VTS/i/igr/at/q.htm
Virgil Illustrated,/VTS/v/v/va.htm
Visions and Dreams,/VTS/d/dream/dreams.htm
"Visionary Architecture - Ledoux, AND MENDELSSOHN",/VTS/v/vis/l.htm
Visits to Remarkable Places,/VTS/m/mulp/menun.htm
Visual Codes MENU,/VTS/i/igr/menu.htm
Visualisation,/VTS/v/vs/t.htm
Visualisation -Images in Practice - main menu,/iip/index.htm
"Visualisation -words from Pictures,Steps in Speech Training",/VTS/v/stories/a.htm
Voice Over,/VTS/v/vo/me.htm
Volcano Imagery,/VTS/v/volcano/a.html
Volvelles,/VTS/i/imsc/ah/c.htm
Vorticist Drawings (and others) Doffay 1982,/VTS/v/DOFFAY/A.html
"VORTICISM, texts and site guide WITH COMPARATIVE MATERIAL",/VTS/v/DOFFAY/A.html
Walkabout (film),/VTS/w/w/w.htm
WAR DEPICTED,/VTS/w/war/menu.htm
WAR IMAGE GALLERY (ADVERTISING),/VTS/m/military/menu.htm
"War Bonds, outdoor advertising",/VTS/w/wb/wb.htm
War and Memory,/VTS/w/wm/w.htm
War Prophesied,/VTS/q/qx/q.htm
Wash Day (Domestic Rituals),/VTS/d/dom/a.htm
Water depicted,/VTS/p/pr/w/menu.htm
"Watkin, David, menu of choices",/VTS/w/wt/menun.htm
Weather Menu (snow rain sun and such like),/VTS/w/weather/menun.htm
"Weddings,Gallery I ceremonies and loot",/VTS/a/aa/wed/w.htm
Weddings Gallery II more of the same,/VTS/a/aa/wedd/w.htm
Walkabout,/VTS/w/w/w.htm
"Weekly Illustrated, photo magazine",/VTS/m/mag/menu.htm
Well Dressing 1949 (The English Pageant),/VTS/w/welldressing/a.htm
"Weyerhaeuser and its Illustrators, Galli, Bomberger annd Ludekens",/VTS/w/we/menun.htm
Whistler MENU,/VTS/w/whb/menu.htm
"WINKLES'S CATHEDRALS 1836, A SELECTION",/VTS/w/cathedrals/menu.htm
Wisbech and Fenland Museum (Visits to Remarkable Collections),/VTS/w/wmus/x.htm
"Grahame White, In Memoriam",/VTS/w/gw/g.htm
"Wilton Garden, Isaac de Caus",/VTS/w/wilton/caus.htm
Wind depicted (Weather Menu),/VTS/w/menun.htm
Windmills,/VTS/w/windmills/n.htm
Window Display as Theatre,/VTS/w/wdy/wd.htm
Window Display Menu,/VTS/t/ta/tmenu.htm
WOODCUT/WOOD ENGRAVING menu,/VTS/w/wce/menu.htm
Women and Advertising menu,/VTS/w/women/menux.htm
Women at War MENU,/VTS/m/military/women/mn.htm
The Wonder Books for Children (five titles...,/VTS/w/wboo/menu.htm
"WONDERWORLD THEME PARK, 1982",/VTS/i/impl/WW/MENU.htm
"The Wooden Heads, Chatterbox c1922",/VTS/w/woodh/menun.htm
"Worde, Wynken de",/VTS/w/wdw/w.htm
"WORDS for visual persons, main menu, DEFINITIONS, WORD PLAY, IMAGES, CATEGORIES ETC",/VTS/w/ww/words/menu.htm
Wurlitzer (1950's and 1930's),/VTS/a/aa/wurlitzer/b.htm
Wuthering Heights,/VTS/w/wh/wh.htm
"Wyatt and Timms, Illumination",/VTS/i/ill/i.htm
X Rays in colour,/VTS/x/x/x.htm
Xmas,/VTS/x/xmas/mna.htm
Yin and Yang,/VTS/n/num/08/a.htm
Young Naturalist Series of Books,/VTS/aoi/s/stevens/ynn.htm
Zeebrugge In Postcards c1918,/VTS/r/rn/rr.htm
Zeppelins and the aesthetics of being bombed,/VTS/z/zep/menun.htm
Zodiacal Man (The Body as Repository),/VTS/b/body/bodyrep.htm
"ZODIACAL IMAGERY, Johann Rasch, New Losztag... Rorschach 1590",/VTS/z/11.jpg
"ZODIACAL DIAGRAM, The World of Wonder 1932",/VTS/z/10.jpeg
ZOOTROPES (SILHOUETTES),/VTS/s/silh/z/a.htm